<?xml version="1.0" encoding="UTF-8"?>
<export version="E">
  <design>
    <source>C:\Users\Gus\Documents\projects\pcb-stylophone\pcb-stylophone.kicad_sch</source>
    <date>19/05/2023 17:23:50</date>
    <tool>Eeschema 7.0.2</tool>
    <sheet number="1" name="/" tstamps="/">
      <title_block>
        <title>PCB Stylophone</title>
        <company>The University of Manchester</company>
        <rev>1</rev>
        <date>2023-05-19</date>
        <source>pcb-stylophone.kicad_sch</source>
        <comment number="1" value="Author: Gus Zhang"/>
        <comment number="2" value=""/>
        <comment number="3" value=""/>
        <comment number="4" value=""/>
        <comment number="5" value=""/>
        <comment number="6" value=""/>
        <comment number="7" value=""/>
        <comment number="8" value=""/>
        <comment number="9" value=""/>
      </title_block>
    </sheet>
  </design>
  <components>
    <comp ref="C1">
      <value>100n</value>
      <footprint>Capacitor_THT:C_Disc_D4.3mm_W1.9mm_P5.00mm</footprint>
      <libsource lib="Device" part="C" description="Unpolarized capacitor"/>
      <property name="Sheetname" value=""/>
      <property name="Sheetfile" value="pcb-stylophone.kicad_sch"/>
      <property name="ki_description" value="Unpolarized capacitor"/>
      <property name="ki_keywords" value="cap capacitor"/>
      <sheetpath names="/" tstamps="/"/>
      <tstamps>3ba01283-586d-4236-bbb5-05b4c1a1f32a</tstamps>
    </comp>
    <comp ref="C2">
      <value>10n</value>
      <footprint>Capacitor_THT:C_Disc_D4.3mm_W1.9mm_P5.00mm</footprint>
      <libsource lib="Device" part="C" description="Unpolarized capacitor"/>
      <property name="Sheetname" value=""/>
      <property name="Sheetfile" value="pcb-stylophone.kicad_sch"/>
      <property name="ki_description" value="Unpolarized capacitor"/>
      <property name="ki_keywords" value="cap capacitor"/>
      <sheetpath names="/" tstamps="/"/>
      <tstamps>740872e8-048f-45c9-b472-23f030f10218</tstamps>
    </comp>
    <comp ref="J1">
      <value>Batt</value>
      <footprint>Connector_PinHeader_2.54mm:PinHeader_1x02_P2.54mm_Vertical</footprint>
      <libsource lib="Connector" part="Conn_01x02_Pin" description="Generic connector, single row, 01x02, script generated"/>
      <property name="Sheetname" value=""/>
      <property name="Sheetfile" value="pcb-stylophone.kicad_sch"/>
      <property name="ki_description" value="Generic connector, single row, 01x02, script generated"/>
      <property name="ki_keywords" value="connector"/>
      <sheetpath names="/" tstamps="/"/>
      <tstamps>2abbe134-7d04-4d6d-928c-a87115af38ea</tstamps>
    </comp>
    <comp ref="J2">
      <value>Key 1</value>
      <footprint>TestPoint:TestPoint_Pad_1.0x1.0mm</footprint>
      <libsource lib="Connector_Generic" part="Conn_01x01" description="Generic connector, single row, 01x01, script generated (kicad-library-utils/schlib/autogen/connector/)"/>
      <property name="Sheetname" value=""/>
      <property name="Sheetfile" value="pcb-stylophone.kicad_sch"/>
      <property name="ki_description" value="Generic connector, single row, 01x01, script generated (kicad-library-utils/schlib/autogen/connector/)"/>
      <property name="ki_keywords" value="connector"/>
      <sheetpath names="/" tstamps="/"/>
      <tstamps>bdec801a-77e4-4547-84d2-b65f50544015</tstamps>
    </comp>
    <comp ref="J3">
      <value>Key 2</value>
      <footprint>TestPoint:TestPoint_Pad_1.0x1.0mm</footprint>
      <libsource lib="Connector_Generic" part="Conn_01x01" description="Generic connector, single row, 01x01, script generated (kicad-library-utils/schlib/autogen/connector/)"/>
      <property name="Sheetname" value=""/>
      <property name="Sheetfile" value="pcb-stylophone.kicad_sch"/>
      <property name="ki_description" value="Generic connector, single row, 01x01, script generated (kicad-library-utils/schlib/autogen/connector/)"/>
      <property name="ki_keywords" value="connector"/>
      <sheetpath names="/" tstamps="/"/>
      <tstamps>a4d72a86-303e-49c2-ad47-6c3789abd144</tstamps>
    </comp>
    <comp ref="J4">
      <value>Key 3</value>
      <footprint>TestPoint:TestPoint_Pad_1.0x1.0mm</footprint>
      <libsource lib="Connector_Generic" part="Conn_01x01" description="Generic connector, single row, 01x01, script generated (kicad-library-utils/schlib/autogen/connector/)"/>
      <property name="Sheetname" value=""/>
      <property name="Sheetfile" value="pcb-stylophone.kicad_sch"/>
      <property name="ki_description" value="Generic connector, single row, 01x01, script generated (kicad-library-utils/schlib/autogen/connector/)"/>
      <property name="ki_keywords" value="connector"/>
      <sheetpath names="/" tstamps="/"/>
      <tstamps>78abc749-fd64-4de1-9ac5-53b6b1b1f320</tstamps>
    </comp>
    <comp ref="J5">
      <value>Key 4</value>
      <footprint>TestPoint:TestPoint_Pad_1.0x1.0mm</footprint>
      <libsource lib="Connector_Generic" part="Conn_01x01" description="Generic connector, single row, 01x01, script generated (kicad-library-utils/schlib/autogen/connector/)"/>
      <property name="Sheetname" value=""/>
      <property name="Sheetfile" value="pcb-stylophone.kicad_sch"/>
      <property name="ki_description" value="Generic connector, single row, 01x01, script generated (kicad-library-utils/schlib/autogen/connector/)"/>
      <property name="ki_keywords" value="connector"/>
      <sheetpath names="/" tstamps="/"/>
      <tstamps>76ed293f-2df1-402f-b640-d8332672af0f</tstamps>
    </comp>
    <comp ref="J6">
      <value>Key 5</value>
      <footprint>TestPoint:TestPoint_Pad_1.0x1.0mm</footprint>
      <libsource lib="Connector_Generic" part="Conn_01x01" description="Generic connector, single row, 01x01, script generated (kicad-library-utils/schlib/autogen/connector/)"/>
      <property name="Sheetname" value=""/>
      <property name="Sheetfile" value="pcb-stylophone.kicad_sch"/>
      <property name="ki_description" value="Generic connector, single row, 01x01, script generated (kicad-library-utils/schlib/autogen/connector/)"/>
      <property name="ki_keywords" value="connector"/>
      <sheetpath names="/" tstamps="/"/>
      <tstamps>87d9814c-1b85-4ef1-8c33-f4786e2816d5</tstamps>
    </comp>
    <comp ref="J7">
      <value>Key 6</value>
      <footprint>TestPoint:TestPoint_Pad_1.0x1.0mm</footprint>
      <libsource lib="Connector_Generic" part="Conn_01x01" description="Generic connector, single row, 01x01, script generated (kicad-library-utils/schlib/autogen/connector/)"/>
      <property name="Sheetname" value=""/>
      <property name="Sheetfile" value="pcb-stylophone.kicad_sch"/>
      <property name="ki_description" value="Generic connector, single row, 01x01, script generated (kicad-library-utils/schlib/autogen/connector/)"/>
      <property name="ki_keywords" value="connector"/>
      <sheetpath names="/" tstamps="/"/>
      <tstamps>fd94ceb6-7224-4b36-b378-31365f9ea12b</tstamps>
    </comp>
    <comp ref="J8">
      <value>Key 7</value>
      <footprint>TestPoint:TestPoint_Pad_1.0x1.0mm</footprint>
      <libsource lib="Connector_Generic" part="Conn_01x01" description="Generic connector, single row, 01x01, script generated (kicad-library-utils/schlib/autogen/connector/)"/>
      <property name="Sheetname" value=""/>
      <property name="Sheetfile" value="pcb-stylophone.kicad_sch"/>
      <property name="ki_description" value="Generic connector, single row, 01x01, script generated (kicad-library-utils/schlib/autogen/connector/)"/>
      <property name="ki_keywords" value="connector"/>
      <sheetpath names="/" tstamps="/"/>
      <tstamps>a4d93daa-314c-4334-87c5-7ed2ac900aa3</tstamps>
    </comp>
    <comp ref="J9">
      <value>Key 8</value>
      <footprint>TestPoint:TestPoint_Pad_1.0x1.0mm</footprint>
      <libsource lib="Connector_Generic" part="Conn_01x01" description="Generic connector, single row, 01x01, script generated (kicad-library-utils/schlib/autogen/connector/)"/>
      <property name="Sheetname" value=""/>
      <property name="Sheetfile" value="pcb-stylophone.kicad_sch"/>
      <property name="ki_description" value="Generic connector, single row, 01x01, script generated (kicad-library-utils/schlib/autogen/connector/)"/>
      <property name="ki_keywords" value="connector"/>
      <sheetpath names="/" tstamps="/"/>
      <tstamps>22b3643c-6aee-4c34-8639-3d7221ad1e9a</tstamps>
    </comp>
    <comp ref="J10">
      <value>Key 9</value>
      <footprint>TestPoint:TestPoint_Pad_1.0x1.0mm</footprint>
      <libsource lib="Connector_Generic" part="Conn_01x01" description="Generic connector, single row, 01x01, script generated (kicad-library-utils/schlib/autogen/connector/)"/>
      <property name="Sheetname" value=""/>
      <property name="Sheetfile" value="pcb-stylophone.kicad_sch"/>
      <property name="ki_description" value="Generic connector, single row, 01x01, script generated (kicad-library-utils/schlib/autogen/connector/)"/>
      <property name="ki_keywords" value="connector"/>
      <sheetpath names="/" tstamps="/"/>
      <tstamps>17fa342f-e18e-402a-8289-c3522a49b991</tstamps>
    </comp>
    <comp ref="J11">
      <value>Key 10</value>
      <footprint>TestPoint:TestPoint_Pad_1.0x1.0mm</footprint>
      <libsource lib="Connector_Generic" part="Conn_01x01" description="Generic connector, single row, 01x01, script generated (kicad-library-utils/schlib/autogen/connector/)"/>
      <property name="Sheetname" value=""/>
      <property name="Sheetfile" value="pcb-stylophone.kicad_sch"/>
      <property name="ki_description" value="Generic connector, single row, 01x01, script generated (kicad-library-utils/schlib/autogen/connector/)"/>
      <property name="ki_keywords" value="connector"/>
      <sheetpath names="/" tstamps="/"/>
      <tstamps>c13bd99e-5108-49f9-8120-80f0546a7dbe</tstamps>
    </comp>
    <comp ref="J12">
      <value>Key 11</value>
      <footprint>TestPoint:TestPoint_Pad_1.0x1.0mm</footprint>
      <libsource lib="Connector_Generic" part="Conn_01x01" description="Generic connector, single row, 01x01, script generated (kicad-library-utils/schlib/autogen/connector/)"/>
      <property name="Sheetname" value=""/>
      <property name="Sheetfile" value="pcb-stylophone.kicad_sch"/>
      <property name="ki_description" value="Generic connector, single row, 01x01, script generated (kicad-library-utils/schlib/autogen/connector/)"/>
      <property name="ki_keywords" value="connector"/>
      <sheetpath names="/" tstamps="/"/>
      <tstamps>71db6b1c-03af-4db7-8ac7-62fb00a2f9af</tstamps>
    </comp>
    <comp ref="J13">
      <value>Key 12</value>
      <footprint>TestPoint:TestPoint_Pad_1.0x1.0mm</footprint>
      <libsource lib="Connector_Generic" part="Conn_01x01" description="Generic connector, single row, 01x01, script generated (kicad-library-utils/schlib/autogen/connector/)"/>
      <property name="Sheetname" value=""/>
      <property name="Sheetfile" value="pcb-stylophone.kicad_sch"/>
      <property name="ki_description" value="Generic connector, single row, 01x01, script generated (kicad-library-utils/schlib/autogen/connector/)"/>
      <property name="ki_keywords" value="connector"/>
      <sheetpath names="/" tstamps="/"/>
      <tstamps>cc4b69a3-6cd5-463d-93be-6fa537ab9624</tstamps>
    </comp>
    <comp ref="J14">
      <value>Key 13</value>
      <footprint>TestPoint:TestPoint_Pad_1.0x1.0mm</footprint>
      <libsource lib="Connector_Generic" part="Conn_01x01" description="Generic connector, single row, 01x01, script generated (kicad-library-utils/schlib/autogen/connector/)"/>
      <property name="Sheetname" value=""/>
      <property name="Sheetfile" value="pcb-stylophone.kicad_sch"/>
      <property name="ki_description" value="Generic connector, single row, 01x01, script generated (kicad-library-utils/schlib/autogen/connector/)"/>
      <property name="ki_keywords" value="connector"/>
      <sheetpath names="/" tstamps="/"/>
      <tstamps>8773b08e-4ece-464a-a562-abb9a3b0a1c4</tstamps>
    </comp>
    <comp ref="J15">
      <value>Key 14</value>
      <footprint>TestPoint:TestPoint_Pad_1.0x1.0mm</footprint>
      <libsource lib="Connector_Generic" part="Conn_01x01" description="Generic connector, single row, 01x01, script generated (kicad-library-utils/schlib/autogen/connector/)"/>
      <property name="Sheetname" value=""/>
      <property name="Sheetfile" value="pcb-stylophone.kicad_sch"/>
      <property name="ki_description" value="Generic connector, single row, 01x01, script generated (kicad-library-utils/schlib/autogen/connector/)"/>
      <property name="ki_keywords" value="connector"/>
      <sheetpath names="/" tstamps="/"/>
      <tstamps>91d4a05d-b455-4f5d-a4a8-b28d569dcbb2</tstamps>
    </comp>
    <comp ref="J16">
      <value>Key 15</value>
      <footprint>TestPoint:TestPoint_Pad_1.0x1.0mm</footprint>
      <libsource lib="Connector_Generic" part="Conn_01x01" description="Generic connector, single row, 01x01, script generated (kicad-library-utils/schlib/autogen/connector/)"/>
      <property name="Sheetname" value=""/>
      <property name="Sheetfile" value="pcb-stylophone.kicad_sch"/>
      <property name="ki_description" value="Generic connector, single row, 01x01, script generated (kicad-library-utils/schlib/autogen/connector/)"/>
      <property name="ki_keywords" value="connector"/>
      <sheetpath names="/" tstamps="/"/>
      <tstamps>69d255ac-b310-4e79-83b8-11ca0f739548</tstamps>
    </comp>
    <comp ref="J17">
      <value>Key 16</value>
      <footprint>TestPoint:TestPoint_Pad_1.0x1.0mm</footprint>
      <libsource lib="Connector_Generic" part="Conn_01x01" description="Generic connector, single row, 01x01, script generated (kicad-library-utils/schlib/autogen/connector/)"/>
      <property name="Sheetname" value=""/>
      <property name="Sheetfile" value="pcb-stylophone.kicad_sch"/>
      <property name="ki_description" value="Generic connector, single row, 01x01, script generated (kicad-library-utils/schlib/autogen/connector/)"/>
      <property name="ki_keywords" value="connector"/>
      <sheetpath names="/" tstamps="/"/>
      <tstamps>98e518ef-b1c2-4a6c-aee8-cf96c3f3ebd8</tstamps>
    </comp>
    <comp ref="J18">
      <value>Key 17</value>
      <footprint>TestPoint:TestPoint_Pad_1.0x1.0mm</footprint>
      <libsource lib="Connector_Generic" part="Conn_01x01" description="Generic connector, single row, 01x01, script generated (kicad-library-utils/schlib/autogen/connector/)"/>
      <property name="Sheetname" value=""/>
      <property name="Sheetfile" value="pcb-stylophone.kicad_sch"/>
      <property name="ki_description" value="Generic connector, single row, 01x01, script generated (kicad-library-utils/schlib/autogen/connector/)"/>
      <property name="ki_keywords" value="connector"/>
      <sheetpath names="/" tstamps="/"/>
      <tstamps>d6265170-9818-41c7-bde3-a6311a7b77ae</tstamps>
    </comp>
    <comp ref="J19">
      <value>Key 18</value>
      <footprint>TestPoint:TestPoint_Pad_1.0x1.0mm</footprint>
      <libsource lib="Connector_Generic" part="Conn_01x01" description="Generic connector, single row, 01x01, script generated (kicad-library-utils/schlib/autogen/connector/)"/>
      <property name="Sheetname" value=""/>
      <property name="Sheetfile" value="pcb-stylophone.kicad_sch"/>
      <property name="ki_description" value="Generic connector, single row, 01x01, script generated (kicad-library-utils/schlib/autogen/connector/)"/>
      <property name="ki_keywords" value="connector"/>
      <sheetpath names="/" tstamps="/"/>
      <tstamps>990acae2-6312-4fa1-ae50-172e46117864</tstamps>
    </comp>
    <comp ref="J20">
      <value>Key 19</value>
      <footprint>TestPoint:TestPoint_Pad_1.0x1.0mm</footprint>
      <libsource lib="Connector_Generic" part="Conn_01x01" description="Generic connector, single row, 01x01, script generated (kicad-library-utils/schlib/autogen/connector/)"/>
      <property name="Sheetname" value=""/>
      <property name="Sheetfile" value="pcb-stylophone.kicad_sch"/>
      <property name="ki_description" value="Generic connector, single row, 01x01, script generated (kicad-library-utils/schlib/autogen/connector/)"/>
      <property name="ki_keywords" value="connector"/>
      <sheetpath names="/" tstamps="/"/>
      <tstamps>cf5b4f8c-0a0e-4249-9115-a628a8dcaadc</tstamps>
    </comp>
    <comp ref="J21">
      <value>Key 20</value>
      <footprint>TestPoint:TestPoint_Pad_1.0x1.0mm</footprint>
      <libsource lib="Connector_Generic" part="Conn_01x01" description="Generic connector, single row, 01x01, script generated (kicad-library-utils/schlib/autogen/connector/)"/>
      <property name="Sheetname" value=""/>
      <property name="Sheetfile" value="pcb-stylophone.kicad_sch"/>
      <property name="ki_description" value="Generic connector, single row, 01x01, script generated (kicad-library-utils/schlib/autogen/connector/)"/>
      <property name="ki_keywords" value="connector"/>
      <sheetpath names="/" tstamps="/"/>
      <tstamps>1d38382b-beb8-41d7-beb0-3c3cf6724836</tstamps>
    </comp>
    <comp ref="J22">
      <value>Stylus</value>
      <footprint>TestPoint:TestPoint_THTPad_D2.5mm_Drill1.2mm</footprint>
      <libsource lib="Connector_Generic" part="Conn_01x01" description="Generic connector, single row, 01x01, script generated (kicad-library-utils/schlib/autogen/connector/)"/>
      <property name="Sheetname" value=""/>
      <property name="Sheetfile" value="pcb-stylophone.kicad_sch"/>
      <property name="ki_description" value="Generic connector, single row, 01x01, script generated (kicad-library-utils/schlib/autogen/connector/)"/>
      <property name="ki_keywords" value="connector"/>
      <sheetpath names="/" tstamps="/"/>
      <tstamps>397b35e8-02b3-4a2e-86da-dafe9f154919</tstamps>
    </comp>
    <comp ref="LS1">
      <value>Piezo Sounder</value>
      <footprint>Buzzer_Beeper:Buzzer_15x7.5RM7.6</footprint>
      <libsource lib="Device" part="Speaker_Crystal" description="Crystal speaker/transducer"/>
      <property name="Sheetname" value=""/>
      <property name="Sheetfile" value="pcb-stylophone.kicad_sch"/>
      <property name="ki_description" value="Crystal speaker/transducer"/>
      <property name="ki_keywords" value="crystal speaker ultrasonic transducer"/>
      <sheetpath names="/" tstamps="/"/>
      <tstamps>976147b6-5513-4719-a7b5-e2189f35bd0a</tstamps>
    </comp>
    <comp ref="R1">
      <value>10k</value>
      <footprint>Resistor_THT:R_Axial_DIN0204_L3.6mm_D1.6mm_P7.62mm_Horizontal</footprint>
      <libsource lib="Device" part="R" description="Resistor"/>
      <property name="Sheetname" value=""/>
      <property name="Sheetfile" value="pcb-stylophone.kicad_sch"/>
      <property name="ki_description" value="Resistor"/>
      <property name="ki_keywords" value="R res resistor"/>
      <sheetpath names="/" tstamps="/"/>
      <tstamps>1e4a7f1b-7bd3-4a65-810e-e75bfc5084e4</tstamps>
    </comp>
    <comp ref="R2">
      <value>22.1k, 1%</value>
      <footprint>Resistor_THT:R_Axial_DIN0204_L3.6mm_D1.6mm_P7.62mm_Horizontal</footprint>
      <libsource lib="Device" part="R" description="Resistor"/>
      <property name="Sheetname" value=""/>
      <property name="Sheetfile" value="pcb-stylophone.kicad_sch"/>
      <property name="ki_description" value="Resistor"/>
      <property name="ki_keywords" value="R res resistor"/>
      <sheetpath names="/" tstamps="/"/>
      <tstamps>e208d600-2b78-4892-bdf6-798921ef9a9c</tstamps>
    </comp>
    <comp ref="R3">
      <value>1.63k, 1%</value>
      <footprint>Resistor_THT:R_Axial_DIN0204_L3.6mm_D1.6mm_P7.62mm_Horizontal</footprint>
      <libsource lib="Device" part="R" description="Resistor"/>
      <property name="Sheetname" value=""/>
      <property name="Sheetfile" value="pcb-stylophone.kicad_sch"/>
      <property name="ki_description" value="Resistor"/>
      <property name="ki_keywords" value="R res resistor"/>
      <sheetpath names="/" tstamps="/"/>
      <tstamps>ae3a52fc-51bb-4494-b30f-0da8fb14150e</tstamps>
    </comp>
    <comp ref="R4">
      <value>1.74k, 1%</value>
      <footprint>Resistor_THT:R_Axial_DIN0204_L3.6mm_D1.6mm_P7.62mm_Horizontal</footprint>
      <libsource lib="Device" part="R" description="Resistor"/>
      <property name="Sheetname" value=""/>
      <property name="Sheetfile" value="pcb-stylophone.kicad_sch"/>
      <property name="ki_description" value="Resistor"/>
      <property name="ki_keywords" value="R res resistor"/>
      <sheetpath names="/" tstamps="/"/>
      <tstamps>cf8a5fea-d8a5-4608-b98c-43a6645d9267</tstamps>
    </comp>
    <comp ref="R5">
      <value>1.82k, 1%</value>
      <footprint>Resistor_THT:R_Axial_DIN0204_L3.6mm_D1.6mm_P7.62mm_Horizontal</footprint>
      <libsource lib="Device" part="R" description="Resistor"/>
      <property name="Sheetname" value=""/>
      <property name="Sheetfile" value="pcb-stylophone.kicad_sch"/>
      <property name="ki_description" value="Resistor"/>
      <property name="ki_keywords" value="R res resistor"/>
      <sheetpath names="/" tstamps="/"/>
      <tstamps>daf67972-7a43-406b-9070-578eee21cee8</tstamps>
    </comp>
    <comp ref="R6">
      <value>1.91k, 1%</value>
      <footprint>Resistor_THT:R_Axial_DIN0204_L3.6mm_D1.6mm_P7.62mm_Horizontal</footprint>
      <libsource lib="Device" part="R" description="Resistor"/>
      <property name="Sheetname" value=""/>
      <property name="Sheetfile" value="pcb-stylophone.kicad_sch"/>
      <property name="ki_description" value="Resistor"/>
      <property name="ki_keywords" value="R res resistor"/>
      <sheetpath names="/" tstamps="/"/>
      <tstamps>dbb674c3-d22f-40c8-8e53-a40b132a74a7</tstamps>
    </comp>
    <comp ref="R7">
      <value>2.05k, 1%</value>
      <footprint>Resistor_THT:R_Axial_DIN0204_L3.6mm_D1.6mm_P7.62mm_Horizontal</footprint>
      <libsource lib="Device" part="R" description="Resistor"/>
      <property name="Sheetname" value=""/>
      <property name="Sheetfile" value="pcb-stylophone.kicad_sch"/>
      <property name="ki_description" value="Resistor"/>
      <property name="ki_keywords" value="R res resistor"/>
      <sheetpath names="/" tstamps="/"/>
      <tstamps>aecec428-d522-4cb2-bbb0-11d823c81a31</tstamps>
    </comp>
    <comp ref="R8">
      <value>2.15k, 1%</value>
      <footprint>Resistor_THT:R_Axial_DIN0204_L3.6mm_D1.6mm_P7.62mm_Horizontal</footprint>
      <libsource lib="Device" part="R" description="Resistor"/>
      <property name="Sheetname" value=""/>
      <property name="Sheetfile" value="pcb-stylophone.kicad_sch"/>
      <property name="ki_description" value="Resistor"/>
      <property name="ki_keywords" value="R res resistor"/>
      <sheetpath names="/" tstamps="/"/>
      <tstamps>5a899602-6029-4b3c-bde7-f3269628fac7</tstamps>
    </comp>
    <comp ref="R9">
      <value>2.32k, 1%</value>
      <footprint>Resistor_THT:R_Axial_DIN0204_L3.6mm_D1.6mm_P7.62mm_Horizontal</footprint>
      <libsource lib="Device" part="R" description="Resistor"/>
      <property name="Sheetname" value=""/>
      <property name="Sheetfile" value="pcb-stylophone.kicad_sch"/>
      <property name="ki_description" value="Resistor"/>
      <property name="ki_keywords" value="R res resistor"/>
      <sheetpath names="/" tstamps="/"/>
      <tstamps>7069d7a7-752d-48f6-aac7-10cbd168861b</tstamps>
    </comp>
    <comp ref="R10">
      <value>2.43k, 1%</value>
      <footprint>Resistor_THT:R_Axial_DIN0204_L3.6mm_D1.6mm_P7.62mm_Horizontal</footprint>
      <libsource lib="Device" part="R" description="Resistor"/>
      <property name="Sheetname" value=""/>
      <property name="Sheetfile" value="pcb-stylophone.kicad_sch"/>
      <property name="ki_description" value="Resistor"/>
      <property name="ki_keywords" value="R res resistor"/>
      <sheetpath names="/" tstamps="/"/>
      <tstamps>a648f1bd-3444-4e5f-8062-a24445aec8ac</tstamps>
    </comp>
    <comp ref="R11">
      <value>2.61k, 1%</value>
      <footprint>Resistor_THT:R_Axial_DIN0204_L3.6mm_D1.6mm_P7.62mm_Horizontal</footprint>
      <libsource lib="Device" part="R" description="Resistor"/>
      <property name="Sheetname" value=""/>
      <property name="Sheetfile" value="pcb-stylophone.kicad_sch"/>
      <property name="ki_description" value="Resistor"/>
      <property name="ki_keywords" value="R res resistor"/>
      <sheetpath names="/" tstamps="/"/>
      <tstamps>c2f370a0-e0bd-461f-ab6d-e76b11479447</tstamps>
    </comp>
    <comp ref="R12">
      <value>2.74k, 1%</value>
      <footprint>Resistor_THT:R_Axial_DIN0204_L3.6mm_D1.6mm_P7.62mm_Horizontal</footprint>
      <libsource lib="Device" part="R" description="Resistor"/>
      <property name="Sheetname" value=""/>
      <property name="Sheetfile" value="pcb-stylophone.kicad_sch"/>
      <property name="ki_description" value="Resistor"/>
      <property name="ki_keywords" value="R res resistor"/>
      <sheetpath names="/" tstamps="/"/>
      <tstamps>0fc1ce3c-6b97-409e-ae9c-d25ad46c7b1b</tstamps>
    </comp>
    <comp ref="R13">
      <value>2.87k, 1%</value>
      <footprint>Resistor_THT:R_Axial_DIN0204_L3.6mm_D1.6mm_P7.62mm_Horizontal</footprint>
      <libsource lib="Device" part="R" description="Resistor"/>
      <property name="Sheetname" value=""/>
      <property name="Sheetfile" value="pcb-stylophone.kicad_sch"/>
      <property name="ki_description" value="Resistor"/>
      <property name="ki_keywords" value="R res resistor"/>
      <sheetpath names="/" tstamps="/"/>
      <tstamps>aa63090d-764f-4dc4-920c-ad3659225f28</tstamps>
    </comp>
    <comp ref="R14">
      <value>3.01k, 1%</value>
      <footprint>Resistor_THT:R_Axial_DIN0204_L3.6mm_D1.6mm_P7.62mm_Horizontal</footprint>
      <libsource lib="Device" part="R" description="Resistor"/>
      <property name="Sheetname" value=""/>
      <property name="Sheetfile" value="pcb-stylophone.kicad_sch"/>
      <property name="ki_description" value="Resistor"/>
      <property name="ki_keywords" value="R res resistor"/>
      <sheetpath names="/" tstamps="/"/>
      <tstamps>70429d86-60f1-4ad1-aa31-b5f895cfdbd8</tstamps>
    </comp>
    <comp ref="R15">
      <value>3.24k, 1%</value>
      <footprint>Resistor_THT:R_Axial_DIN0204_L3.6mm_D1.6mm_P7.62mm_Horizontal</footprint>
      <libsource lib="Device" part="R" description="Resistor"/>
      <property name="Sheetname" value=""/>
      <property name="Sheetfile" value="pcb-stylophone.kicad_sch"/>
      <property name="ki_description" value="Resistor"/>
      <property name="ki_keywords" value="R res resistor"/>
      <sheetpath names="/" tstamps="/"/>
      <tstamps>ff612555-7310-4d7f-9103-dde45a836e2f</tstamps>
    </comp>
    <comp ref="R16">
      <value>3.48k, 1%</value>
      <footprint>Resistor_THT:R_Axial_DIN0204_L3.6mm_D1.6mm_P7.62mm_Horizontal</footprint>
      <libsource lib="Device" part="R" description="Resistor"/>
      <property name="Sheetname" value=""/>
      <property name="Sheetfile" value="pcb-stylophone.kicad_sch"/>
      <property name="ki_description" value="Resistor"/>
      <property name="ki_keywords" value="R res resistor"/>
      <sheetpath names="/" tstamps="/"/>
      <tstamps>4df4efa5-8f35-4887-9ae8-a6bf9cf9a268</tstamps>
    </comp>
    <comp ref="R17">
      <value>3.65k, 1%</value>
      <footprint>Resistor_THT:R_Axial_DIN0204_L3.6mm_D1.6mm_P7.62mm_Horizontal</footprint>
      <libsource lib="Device" part="R" description="Resistor"/>
      <property name="Sheetname" value=""/>
      <property name="Sheetfile" value="pcb-stylophone.kicad_sch"/>
      <property name="ki_description" value="Resistor"/>
      <property name="ki_keywords" value="R res resistor"/>
      <sheetpath names="/" tstamps="/"/>
      <tstamps>a071941d-1492-4864-bd84-63dc28e2e454</tstamps>
    </comp>
    <comp ref="R18">
      <value>3.83k, 1%</value>
      <footprint>Resistor_THT:R_Axial_DIN0204_L3.6mm_D1.6mm_P7.62mm_Horizontal</footprint>
      <libsource lib="Device" part="R" description="Resistor"/>
      <property name="Sheetname" value=""/>
      <property name="Sheetfile" value="pcb-stylophone.kicad_sch"/>
      <property name="ki_description" value="Resistor"/>
      <property name="ki_keywords" value="R res resistor"/>
      <sheetpath names="/" tstamps="/"/>
      <tstamps>30170909-c2fc-4ed5-936f-e05b5be1626d</tstamps>
    </comp>
    <comp ref="R19">
      <value>4.12k, 1%</value>
      <footprint>Resistor_THT:R_Axial_DIN0204_L3.6mm_D1.6mm_P7.62mm_Horizontal</footprint>
      <libsource lib="Device" part="R" description="Resistor"/>
      <property name="Sheetname" value=""/>
      <property name="Sheetfile" value="pcb-stylophone.kicad_sch"/>
      <property name="ki_description" value="Resistor"/>
      <property name="ki_keywords" value="R res resistor"/>
      <sheetpath names="/" tstamps="/"/>
      <tstamps>a8d86751-a7b6-4786-9b4d-03e82bc9e239</tstamps>
    </comp>
    <comp ref="R20">
      <value>4.32k, 1%</value>
      <footprint>Resistor_THT:R_Axial_DIN0204_L3.6mm_D1.6mm_P7.62mm_Horizontal</footprint>
      <libsource lib="Device" part="R" description="Resistor"/>
      <property name="Sheetname" value=""/>
      <property name="Sheetfile" value="pcb-stylophone.kicad_sch"/>
      <property name="ki_description" value="Resistor"/>
      <property name="ki_keywords" value="R res resistor"/>
      <sheetpath names="/" tstamps="/"/>
      <tstamps>d0a213d6-dc0f-4a73-a2b9-a085e7d1cf0a</tstamps>
    </comp>
    <comp ref="R21">
      <value>4.64k, 1%</value>
      <footprint>Resistor_THT:R_Axial_DIN0204_L3.6mm_D1.6mm_P7.62mm_Horizontal</footprint>
      <libsource lib="Device" part="R" description="Resistor"/>
      <property name="Sheetname" value=""/>
      <property name="Sheetfile" value="pcb-stylophone.kicad_sch"/>
      <property name="ki_description" value="Resistor"/>
      <property name="ki_keywords" value="R res resistor"/>
      <sheetpath names="/" tstamps="/"/>
      <tstamps>5990acf0-a800-4f51-b18e-dcda3bfd11cd</tstamps>
    </comp>
    <comp ref="U1">
      <value>NE555P</value>
      <footprint>Package_DIP:DIP-8_W7.62mm</footprint>
      <datasheet>http://www.ti.com/lit/ds/symlink/ne555.pdf</datasheet>
      <libsource lib="Timer" part="NE555P" description="Precision Timers, 555 compatible,  PDIP-8"/>
      <property name="Sheetname" value=""/>
      <property name="Sheetfile" value="pcb-stylophone.kicad_sch"/>
      <property name="ki_description" value="Precision Timers, 555 compatible,  PDIP-8"/>
      <property name="ki_keywords" value="single timer 555"/>
      <sheetpath names="/" tstamps="/"/>
      <tstamps>95369174-d969-496d-bcd8-20c1a827addf</tstamps>
    </comp>
  </components>
  <libparts>
    <libpart lib="Connector" part="Conn_01x02_Pin">
      <description>Generic connector, single row, 01x02, script generated</description>
      <docs>~</docs>
      <footprints>
        <fp>Connector*:*_1x??_*</fp>
      </footprints>
      <fields>
        <field name="Reference">J</field>
        <field name="Value">Conn_01x02_Pin</field>
        <field name="Datasheet">~</field>
      </fields>
      <pins>
        <pin num="1" name="Pin_1" type="passive"/>
        <pin num="2" name="Pin_2" type="passive"/>
      </pins>
    </libpart>
    <libpart lib="Connector_Generic" part="Conn_01x01">
      <description>Generic connector, single row, 01x01, script generated (kicad-library-utils/schlib/autogen/connector/)</description>
      <docs>~</docs>
      <footprints>
        <fp>Connector*:*_1x??_*</fp>
      </footprints>
      <fields>
        <field name="Reference">J</field>
        <field name="Value">Conn_01x01</field>
        <field name="Datasheet">~</field>
      </fields>
      <pins>
        <pin num="1" name="Pin_1" type="passive"/>
      </pins>
    </libpart>
    <libpart lib="Device" part="C">
      <description>Unpolarized capacitor</description>
      <docs>~</docs>
      <footprints>
        <fp>C_*</fp>
      </footprints>
      <fields>
        <field name="Reference">C</field>
        <field name="Value">C</field>
        <field name="Datasheet">~</field>
      </fields>
      <pins>
        <pin num="1" name="" type="passive"/>
        <pin num="2" name="" type="passive"/>
      </pins>
    </libpart>
    <libpart lib="Device" part="R">
      <description>Resistor</description>
      <docs>~</docs>
      <footprints>
        <fp>R_*</fp>
      </footprints>
      <fields>
        <field name="Reference">R</field>
        <field name="Value">R</field>
        <field name="Datasheet">~</field>
      </fields>
      <pins>
        <pin num="1" name="" type="passive"/>
        <pin num="2" name="" type="passive"/>
      </pins>
    </libpart>
    <libpart lib="Device" part="Speaker_Crystal">
      <description>Crystal speaker/transducer</description>
      <docs>~</docs>
      <fields>
        <field name="Reference">LS</field>
        <field name="Value">Speaker_Crystal</field>
        <field name="Datasheet">~</field>
      </fields>
      <pins>
        <pin num="1" name="1" type="input"/>
        <pin num="2" name="2" type="input"/>
      </pins>
    </libpart>
    <libpart lib="Timer" part="NE555P">
      <description>Precision Timers, 555 compatible,  PDIP-8</description>
      <docs>http://www.ti.com/lit/ds/symlink/ne555.pdf</docs>
      <footprints>
        <fp>DIP*W7.62mm*</fp>
      </footprints>
      <fields>
        <field name="Reference">U</field>
        <field name="Value">NE555P</field>
        <field name="Footprint">Package_DIP:DIP-8_W7.62mm</field>
        <field name="Datasheet">http://www.ti.com/lit/ds/symlink/ne555.pdf</field>
      </fields>
      <pins>
        <pin num="1" name="GND" type="power_in"/>
        <pin num="2" name="TR" type="input"/>
        <pin num="3" name="Q" type="output"/>
        <pin num="4" name="R" type="input"/>
        <pin num="5" name="CV" type="input"/>
        <pin num="6" name="THR" type="input"/>
        <pin num="7" name="DIS" type="input"/>
        <pin num="8" name="VCC" type="power_in"/>
      </pins>
    </libpart>
  </libparts>
  <libraries>
    <library logical="Connector">
      <uri>C:\Program Files\KiCad\7.0\share\kicad\symbols\/Connector.kicad_sym</uri>
    </library>
    <library logical="Connector_Generic">
      <uri>C:\Program Files\KiCad\7.0\share\kicad\symbols\/Connector_Generic.kicad_sym</uri>
    </library>
    <library logical="Device">
      <uri>C:\Program Files\KiCad\7.0\share\kicad\symbols\/Device.kicad_sym</uri>
    </library>
    <library logical="Timer">
      <uri>C:\Program Files\KiCad\7.0\share\kicad\symbols\/Timer.kicad_sym</uri>
    </library>
  </libraries>
  <nets>
    <net code="1" name="GND">
      <node ref="C1" pin="2" pintype="passive"/>
      <node ref="C2" pin="2" pintype="passive"/>
      <node ref="J1" pin="2" pinfunction="Pin_2" pintype="passive"/>
      <node ref="LS1" pin="2" pinfunction="2" pintype="input"/>
      <node ref="U1" pin="1" pinfunction="GND" pintype="power_in"/>
    </net>
    <net code="2" name="Net-(J2-Pin_1)">
      <node ref="J2" pin="1" pinfunction="Pin_1" pintype="passive"/>
      <node ref="R2" pin="2" pintype="passive"/>
      <node ref="R3" pin="1" pintype="passive"/>
    </net>
    <net code="3" name="Net-(J3-Pin_1)">
      <node ref="J3" pin="1" pinfunction="Pin_1" pintype="passive"/>
      <node ref="R3" pin="2" pintype="passive"/>
      <node ref="R4" pin="1" pintype="passive"/>
    </net>
    <net code="4" name="Net-(J4-Pin_1)">
      <node ref="J4" pin="1" pinfunction="Pin_1" pintype="passive"/>
      <node ref="R4" pin="2" pintype="passive"/>
      <node ref="R5" pin="1" pintype="passive"/>
    </net>
    <net code="5" name="Net-(J5-Pin_1)">
      <node ref="J5" pin="1" pinfunction="Pin_1" pintype="passive"/>
      <node ref="R5" pin="2" pintype="passive"/>
      <node ref="R6" pin="1" pintype="passive"/>
    </net>
    <net code="6" name="Net-(J6-Pin_1)">
      <node ref="J6" pin="1" pinfunction="Pin_1" pintype="passive"/>
      <node ref="R6" pin="2" pintype="passive"/>
      <node ref="R7" pin="1" pintype="passive"/>
    </net>
    <net code="7" name="Net-(J7-Pin_1)">
      <node ref="J7" pin="1" pinfunction="Pin_1" pintype="passive"/>
      <node ref="R7" pin="2" pintype="passive"/>
      <node ref="R8" pin="1" pintype="passive"/>
    </net>
    <net code="8" name="Net-(J8-Pin_1)">
      <node ref="J8" pin="1" pinfunction="Pin_1" pintype="passive"/>
      <node ref="R8" pin="2" pintype="passive"/>
      <node ref="R9" pin="1" pintype="passive"/>
    </net>
    <net code="9" name="Net-(J9-Pin_1)">
      <node ref="J9" pin="1" pinfunction="Pin_1" pintype="passive"/>
      <node ref="R10" pin="1" pintype="passive"/>
      <node ref="R9" pin="2" pintype="passive"/>
    </net>
    <net code="10" name="Net-(J10-Pin_1)">
      <node ref="J10" pin="1" pinfunction="Pin_1" pintype="passive"/>
      <node ref="R10" pin="2" pintype="passive"/>
      <node ref="R11" pin="1" pintype="passive"/>
    </net>
    <net code="11" name="Net-(J11-Pin_1)">
      <node ref="J11" pin="1" pinfunction="Pin_1" pintype="passive"/>
      <node ref="R11" pin="2" pintype="passive"/>
      <node ref="R12" pin="1" pintype="passive"/>
    </net>
    <net code="12" name="Net-(J12-Pin_1)">
      <node ref="J12" pin="1" pinfunction="Pin_1" pintype="passive"/>
      <node ref="R12" pin="2" pintype="passive"/>
      <node ref="R13" pin="1" pintype="passive"/>
    </net>
    <net code="13" name="Net-(J13-Pin_1)">
      <node ref="J13" pin="1" pinfunction="Pin_1" pintype="passive"/>
      <node ref="R13" pin="2" pintype="passive"/>
      <node ref="R14" pin="1" pintype="passive"/>
    </net>
    <net code="14" name="Net-(J14-Pin_1)">
      <node ref="J14" pin="1" pinfunction="Pin_1" pintype="passive"/>
      <node ref="R14" pin="2" pintype="passive"/>
      <node ref="R15" pin="1" pintype="passive"/>
    </net>
    <net code="15" name="Net-(J15-Pin_1)">
      <node ref="J15" pin="1" pinfunction="Pin_1" pintype="passive"/>
      <node ref="R15" pin="2" pintype="passive"/>
      <node ref="R16" pin="1" pintype="passive"/>
    </net>
    <net code="16" name="Net-(J16-Pin_1)">
      <node ref="J16" pin="1" pinfunction="Pin_1" pintype="passive"/>
      <node ref="R16" pin="2" pintype="passive"/>
      <node ref="R17" pin="1" pintype="passive"/>
    </net>
    <net code="17" name="Net-(J17-Pin_1)">
      <node ref="J17" pin="1" pinfunction="Pin_1" pintype="passive"/>
      <node ref="R17" pin="2" pintype="passive"/>
      <node ref="R18" pin="1" pintype="passive"/>
    </net>
    <net code="18" name="Net-(J18-Pin_1)">
      <node ref="J18" pin="1" pinfunction="Pin_1" pintype="passive"/>
      <node ref="R18" pin="2" pintype="passive"/>
      <node ref="R19" pin="1" pintype="passive"/>
    </net>
    <net code="19" name="Net-(J19-Pin_1)">
      <node ref="J19" pin="1" pinfunction="Pin_1" pintype="passive"/>
      <node ref="R19" pin="2" pintype="passive"/>
      <node ref="R20" pin="1" pintype="passive"/>
    </net>
    <net code="20" name="Net-(J20-Pin_1)">
      <node ref="J20" pin="1" pinfunction="Pin_1" pintype="passive"/>
      <node ref="R20" pin="2" pintype="passive"/>
      <node ref="R21" pin="1" pintype="passive"/>
    </net>
    <net code="21" name="Net-(J21-Pin_1)">
      <node ref="J21" pin="1" pinfunction="Pin_1" pintype="passive"/>
      <node ref="R21" pin="2" pintype="passive"/>
    </net>
    <net code="22" name="Net-(J22-Pin_1)">
      <node ref="C2" pin="1" pintype="passive"/>
      <node ref="J22" pin="1" pinfunction="Pin_1" pintype="passive"/>
      <node ref="U1" pin="2" pinfunction="TR" pintype="input"/>
      <node ref="U1" pin="6" pinfunction="THR" pintype="input"/>
    </net>
    <net code="23" name="Net-(U1-DIS)">
      <node ref="R1" pin="1" pintype="passive"/>
      <node ref="R2" pin="1" pintype="passive"/>
      <node ref="U1" pin="7" pinfunction="DIS" pintype="input"/>
    </net>
    <net code="24" name="Net-(U1-Q)">
      <node ref="LS1" pin="1" pinfunction="1" pintype="input"/>
      <node ref="U1" pin="3" pinfunction="Q" pintype="output"/>
    </net>
    <net code="25" name="VCC">
      <node ref="C1" pin="1" pintype="passive"/>
      <node ref="J1" pin="1" pinfunction="Pin_1" pintype="passive"/>
      <node ref="R1" pin="2" pintype="passive"/>
      <node ref="U1" pin="4" pinfunction="R" pintype="input"/>
      <node ref="U1" pin="8" pinfunction="VCC" pintype="power_in"/>
    </net>
    <net code="26" name="unconnected-(U1-CV-Pad5)">
      <node ref="U1" pin="5" pinfunction="CV" pintype="input+no_connect"/>
    </net>
  </nets>
</export>
